ETMRX6K6FXJRE4FYTM,https://apps.apple.com/redeem?ctx=offercodes&id=6761655374&code=ETMRX6K6FXJRE4FYTM
L6XYMLFE33ALJFENHX,https://apps.apple.com/redeem?ctx=offercodes&id=6761655374&code=L6XYMLFE33ALJFENHX
RRJHNPXLP3TY6AAY7E,https://apps.apple.com/redeem?ctx=offercodes&id=6761655374&code=RRJHNPXLP3TY6AAY7E
TTEW4PF76LJ6N6AHPL,https://apps.apple.com/redeem?ctx=offercodes&id=6761655374&code=TTEW4PF76LJ6N6AHPL
MP4R4HE8NAF74KL3X7,https://apps.apple.com/redeem?ctx=offercodes&id=6761655374&code=MP4R4HE8NAF74KL3X7
6A73JEEXN77JNWWTRN,https://apps.apple.com/redeem?ctx=offercodes&id=6761655374&code=6A73JEEXN77JNWWTRN
KLAJPA4EPWTL8MJN7M,https://apps.apple.com/redeem?ctx=offercodes&id=6761655374&code=KLAJPA4EPWTL8MJN7M
K4XAW6TE6PLRHA3883,https://apps.apple.com/redeem?ctx=offercodes&id=6761655374&code=K4XAW6TE6PLRHA3883
YRFP6WTYJMFJRTPY7A,https://apps.apple.com/redeem?ctx=offercodes&id=6761655374&code=YRFP6WTYJMFJRTPY7A
4R8K3EX8XK846JJX3E,https://apps.apple.com/redeem?ctx=offercodes&id=6761655374&code=4R8K3EX8XK846JJX3E
JPJWXRKHKENJ6JMYA3,https://apps.apple.com/redeem?ctx=offercodes&id=6761655374&code=JPJWXRKHKENJ6JMYA3
8T4337H6M7NKJ3PX88,https://apps.apple.com/redeem?ctx=offercodes&id=6761655374&code=8T4337H6M7NKJ3PX88
L4WEAFY3Y4RWMH48FW,https://apps.apple.com/redeem?ctx=offercodes&id=6761655374&code=L4WEAFY3Y4RWMH48FW
JRY8P4KH8L677YKKMY,https://apps.apple.com/redeem?ctx=offercodes&id=6761655374&code=JRY8P4KH8L677YKKMY
PEA77T4KWW6YXLA3NM,https://apps.apple.com/redeem?ctx=offercodes&id=6761655374&code=PEA77T4KWW6YXLA3NM
JLN7WJP7J8AWKXWNHK,https://apps.apple.com/redeem?ctx=offercodes&id=6761655374&code=JLN7WJP7J8AWKXWNHK
MN7KEMWAL68WXYJFRM,https://apps.apple.com/redeem?ctx=offercodes&id=6761655374&code=MN7KEMWAL68WXYJFRM
FTLAPPJ87HWA87JKJW,https://apps.apple.com/redeem?ctx=offercodes&id=6761655374&code=FTLAPPJ87HWA87JKJW
EAXY87YT874YKTYAMM,https://apps.apple.com/redeem?ctx=offercodes&id=6761655374&code=EAXY87YT874YKTYAMM
6AL6JYHJWNMYA4PPN8,https://apps.apple.com/redeem?ctx=offercodes&id=6761655374&code=6AL6JYHJWNMYA4PPN8
YKJK6EYJRW3NHHNEMF,https://apps.apple.com/redeem?ctx=offercodes&id=6761655374&code=YKJK6EYJRW3NHHNEMF
3W6LXEKRJHMR343XY4,https://apps.apple.com/redeem?ctx=offercodes&id=6761655374&code=3W6LXEKRJHMR343XY4
PMAXYLYKWXY77ENWY6,https://apps.apple.com/redeem?ctx=offercodes&id=6761655374&code=PMAXYLYKWXY77ENWY6
HA67THEFMENLK3MERE,https://apps.apple.com/redeem?ctx=offercodes&id=6761655374&code=HA67THEFMENLK3MERE
A4KJXKP4HJLRP6N774,https://apps.apple.com/redeem?ctx=offercodes&id=6761655374&code=A4KJXKP4HJLRP6N774
PR34J4JKH8AMYHRLHJ,https://apps.apple.com/redeem?ctx=offercodes&id=6761655374&code=PR34J4JKH8AMYHRLHJ
78NMLX3RWPX8P8L6K8,https://apps.apple.com/redeem?ctx=offercodes&id=6761655374&code=78NMLX3RWPX8P8L6K8
JFTKY8FRJ34MRPWM3M,https://apps.apple.com/redeem?ctx=offercodes&id=6761655374&code=JFTKY8FRJ34MRPWM3M
AXH3E88M48ENP388L6,https://apps.apple.com/redeem?ctx=offercodes&id=6761655374&code=AXH3E88M48ENP388L6
TMTAXF7NA7JXWREX7W,https://apps.apple.com/redeem?ctx=offercodes&id=6761655374&code=TMTAXF7NA7JXWREX7W
NY4LWPXJRYWWFF7EY4,https://apps.apple.com/redeem?ctx=offercodes&id=6761655374&code=NY4LWPXJRYWWFF7EY4
AAJM68PF8JX4NR8EHW,https://apps.apple.com/redeem?ctx=offercodes&id=6761655374&code=AAJM68PF8JX4NR8EHW
A8XWX6XPTYNX8NMFWK,https://apps.apple.com/redeem?ctx=offercodes&id=6761655374&code=A8XWX6XPTYNX8NMFWK
FPTXF7N8AJEPEAJAMN,https://apps.apple.com/redeem?ctx=offercodes&id=6761655374&code=FPTXF7N8AJEPEAJAMN
PKRX88L3AHXLJL6HXM,https://apps.apple.com/redeem?ctx=offercodes&id=6761655374&code=PKRX88L3AHXLJL6HXM
7XKKKH4Y3HWAHPP36F,https://apps.apple.com/redeem?ctx=offercodes&id=6761655374&code=7XKKKH4Y3HWAHPP36F
HKN74LN48RK76YT8MJ,https://apps.apple.com/redeem?ctx=offercodes&id=6761655374&code=HKN74LN48RK76YT8MJ
NPKLFM4KFPJ33N87MK,https://apps.apple.com/redeem?ctx=offercodes&id=6761655374&code=NPKLFM4KFPJ33N87MK
WJXPK3MMXHL67XNAAK,https://apps.apple.com/redeem?ctx=offercodes&id=6761655374&code=WJXPK3MMXHL67XNAAK
7H7K7PL8EFYLLJKK44,https://apps.apple.com/redeem?ctx=offercodes&id=6761655374&code=7H7K7PL8EFYLLJKK44
WWEXHTMKR66MERLL7K,https://apps.apple.com/redeem?ctx=offercodes&id=6761655374&code=WWEXHTMKR66MERLL7K
KM88A6WNK4HM7NRHXW,https://apps.apple.com/redeem?ctx=offercodes&id=6761655374&code=KM88A6WNK4HM7NRHXW
MW4L3ETYKT7MPH7FF3,https://apps.apple.com/redeem?ctx=offercodes&id=6761655374&code=MW4L3ETYKT7MPH7FF3
PWXHA3AEMYXRY884YM,https://apps.apple.com/redeem?ctx=offercodes&id=6761655374&code=PWXHA3AEMYXRY884YM
YM7YHJFWMNY4N3E44R,https://apps.apple.com/redeem?ctx=offercodes&id=6761655374&code=YM7YHJFWMNY4N3E44R
T4N3KLLMPFWP8MM8AE,https://apps.apple.com/redeem?ctx=offercodes&id=6761655374&code=T4N3KLLMPFWP8MM8AE
AYER4LY664LKTMH7WL,https://apps.apple.com/redeem?ctx=offercodes&id=6761655374&code=AYER4LY664LKTMH7WL
HAJKX7LXYMWKXFWRRH,https://apps.apple.com/redeem?ctx=offercodes&id=6761655374&code=HAJKX7LXYMWKXFWRRH
XT33AHLHXKAWW3YTXY,https://apps.apple.com/redeem?ctx=offercodes&id=6761655374&code=XT33AHLHXKAWW3YTXY
M6XJAKHAWEXR6HP8TP,https://apps.apple.com/redeem?ctx=offercodes&id=6761655374&code=M6XJAKHAWEXR6HP8TP
PMW4MM6JF4T73HLMEN,https://apps.apple.com/redeem?ctx=offercodes&id=6761655374&code=PMW4MM6JF4T73HLMEN
4P86YMX36EFM84TAL6,https://apps.apple.com/redeem?ctx=offercodes&id=6761655374&code=4P86YMX36EFM84TAL6
KALW3TTRMRTRF6R43W,https://apps.apple.com/redeem?ctx=offercodes&id=6761655374&code=KALW3TTRMRTRF6R43W
3NMJXFR6MJLP73WXY7,https://apps.apple.com/redeem?ctx=offercodes&id=6761655374&code=3NMJXFR6MJLP73WXY7
LYXYEWFTEWLHWN8ANH,https://apps.apple.com/redeem?ctx=offercodes&id=6761655374&code=LYXYEWFTEWLHWN8ANH
EML76KP4FWX4RT84TA,https://apps.apple.com/redeem?ctx=offercodes&id=6761655374&code=EML76KP4FWX4RT84TA
MYMTF8XMJFJX7K4RJW,https://apps.apple.com/redeem?ctx=offercodes&id=6761655374&code=MYMTF8XMJFJX7K4RJW
N3EJEHAFTKRHJYJTJT,https://apps.apple.com/redeem?ctx=offercodes&id=6761655374&code=N3EJEHAFTKRHJYJTJT
7AX3JYYEK7X3YELKN8,https://apps.apple.com/redeem?ctx=offercodes&id=6761655374&code=7AX3JYYEK7X3YELKN8
HH8X83LL7XFM4LTEPM,https://apps.apple.com/redeem?ctx=offercodes&id=6761655374&code=HH8X83LL7XFM4LTEPM
7PWXW6PTPPEAN7FHMF,https://apps.apple.com/redeem?ctx=offercodes&id=6761655374&code=7PWXW6PTPPEAN7FHMF
RW8XW6MYWJAHFL8K3A,https://apps.apple.com/redeem?ctx=offercodes&id=6761655374&code=RW8XW6MYWJAHFL8K3A
W73FMMAPRA34HL67A8,https://apps.apple.com/redeem?ctx=offercodes&id=6761655374&code=W73FMMAPRA34HL67A8
YRFY748LNT63M3FLYH,https://apps.apple.com/redeem?ctx=offercodes&id=6761655374&code=YRFY748LNT63M3FLYH
FX4EPLWYLAJX6TP4LN,https://apps.apple.com/redeem?ctx=offercodes&id=6761655374&code=FX4EPLWYLAJX6TP4LN
3HK76FYPM7ET8H6XAM,https://apps.apple.com/redeem?ctx=offercodes&id=6761655374&code=3HK76FYPM7ET8H6XAM
RYKPR33XTE7N884778,https://apps.apple.com/redeem?ctx=offercodes&id=6761655374&code=RYKPR33XTE7N884778
LLYH437N63TMAWPETL,https://apps.apple.com/redeem?ctx=offercodes&id=6761655374&code=LLYH437N63TMAWPETL
AAH4TLXXFY77FH84KJ,https://apps.apple.com/redeem?ctx=offercodes&id=6761655374&code=AAH4TLXXFY77FH84KJ
83JKXPWH6EEMXKM7HX,https://apps.apple.com/redeem?ctx=offercodes&id=6761655374&code=83JKXPWH6EEMXKM7HX
NEPXJL8JJ8FH8TAXNP,https://apps.apple.com/redeem?ctx=offercodes&id=6761655374&code=NEPXJL8JJ8FH8TAXNP
H34H4336FTN4KAXKWY,https://apps.apple.com/redeem?ctx=offercodes&id=6761655374&code=H34H4336FTN4KAXKWY
6AANRMLRHM6RNWXEKR,https://apps.apple.com/redeem?ctx=offercodes&id=6761655374&code=6AANRMLRHM6RNWXEKR
TMK74AKN3NNHTM8PEF,https://apps.apple.com/redeem?ctx=offercodes&id=6761655374&code=TMK74AKN3NNHTM8PEF
PRP8H7MEMHNH3H676E,https://apps.apple.com/redeem?ctx=offercodes&id=6761655374&code=PRP8H7MEMHNH3H676E
PWP6JMXPT476LLHWFP,https://apps.apple.com/redeem?ctx=offercodes&id=6761655374&code=PWP6JMXPT476LLHWFP
WXKJWX6KTARKKJ8EHM,https://apps.apple.com/redeem?ctx=offercodes&id=6761655374&code=WXKJWX6KTARKKJ8EHM
PFY4HP3EAXXKJ48L44,https://apps.apple.com/redeem?ctx=offercodes&id=6761655374&code=PFY4HP3EAXXKJ48L44
AYLYT6LM33P3TFHW7N,https://apps.apple.com/redeem?ctx=offercodes&id=6761655374&code=AYLYT6LM33P3TFHW7N
A6R7XTW86TJ8AJXXF6,https://apps.apple.com/redeem?ctx=offercodes&id=6761655374&code=A6R7XTW86TJ8AJXXF6
ALA4AA74WYK7LLX7KM,https://apps.apple.com/redeem?ctx=offercodes&id=6761655374&code=ALA4AA74WYK7LLX7KM
3NLAMRNAW7RXK47MP7,https://apps.apple.com/redeem?ctx=offercodes&id=6761655374&code=3NLAMRNAW7RXK47MP7
LPFKPEXTJ36TMW8HAM,https://apps.apple.com/redeem?ctx=offercodes&id=6761655374&code=LPFKPEXTJ36TMW8HAM
N34PL74JAKHYPJXMFW,https://apps.apple.com/redeem?ctx=offercodes&id=6761655374&code=N34PL74JAKHYPJXMFW
A68F7NPR34N6YM6FHA,https://apps.apple.com/redeem?ctx=offercodes&id=6761655374&code=A68F7NPR34N6YM6FHA
8YNWK38LXJLL4LEXM3,https://apps.apple.com/redeem?ctx=offercodes&id=6761655374&code=8YNWK38LXJLL4LEXM3
HW37JH6NEN3XNKM8ML,https://apps.apple.com/redeem?ctx=offercodes&id=6761655374&code=HW37JH6NEN3XNKM8ML
EHWYLFLYREYL83J6TN,https://apps.apple.com/redeem?ctx=offercodes&id=6761655374&code=EHWYLFLYREYL83J6TN
XYJMRRT487XJRFEKHP,https://apps.apple.com/redeem?ctx=offercodes&id=6761655374&code=XYJMRRT487XJRFEKHP
TEYET4F3HJWPMP8LNX,https://apps.apple.com/redeem?ctx=offercodes&id=6761655374&code=TEYET4F3HJWPMP8LNX
YKT67HPRNRPW8AXMM6,https://apps.apple.com/redeem?ctx=offercodes&id=6761655374&code=YKT67HPRNRPW8AXMM6
TEH634TJKFNMJP77M7,https://apps.apple.com/redeem?ctx=offercodes&id=6761655374&code=TEH634TJKFNMJP77M7
TX4AFL7LWN3PARYFMJ,https://apps.apple.com/redeem?ctx=offercodes&id=6761655374&code=TX4AFL7LWN3PARYFMJ
PEW4M3FPHE4ANXLM4N,https://apps.apple.com/redeem?ctx=offercodes&id=6761655374&code=PEW4M3FPHE4ANXLM4N
TXF4H7FJFFEN8HHTW3,https://apps.apple.com/redeem?ctx=offercodes&id=6761655374&code=TXF4H7FJFFEN8HHTW3
77EKHP4HJELYETH4W6,https://apps.apple.com/redeem?ctx=offercodes&id=6761655374&code=77EKHP4HJELYETH4W6
AXP4JPF46JFNHAP8T8,https://apps.apple.com/redeem?ctx=offercodes&id=6761655374&code=AXP4JPF46JFNHAP8T8
FF4J6MHK4YXWR8HW4Y,https://apps.apple.com/redeem?ctx=offercodes&id=6761655374&code=FF4J6MHK4YXWR8HW4Y
4LMXPJANPLP38784WN,https://apps.apple.com/redeem?ctx=offercodes&id=6761655374&code=4LMXPJANPLP38784WN
WKPP6K7F8RA7EEFR8E,https://apps.apple.com/redeem?ctx=offercodes&id=6761655374&code=WKPP6K7F8RA7EEFR8E
F7488LPJF4FFWHAK4X,https://apps.apple.com/redeem?ctx=offercodes&id=6761655374&code=F7488LPJF4FFWHAK4X
PWKP33YAJ36L6Y63LA,https://apps.apple.com/redeem?ctx=offercodes&id=6761655374&code=PWKP33YAJ36L6Y63LA
H3TYWF8JN63NMP3XL3,https://apps.apple.com/redeem?ctx=offercodes&id=6761655374&code=H3TYWF8JN63NMP3XL3
TWR4HF4T7APT8RPLFN,https://apps.apple.com/redeem?ctx=offercodes&id=6761655374&code=TWR4HF4T7APT8RPLFN
TH6MPJLJTARK3WMKJY,https://apps.apple.com/redeem?ctx=offercodes&id=6761655374&code=TH6MPJLJTARK3WMKJY
TAN3Y8PYXKLL7FPXHP,https://apps.apple.com/redeem?ctx=offercodes&id=6761655374&code=TAN3Y8PYXKLL7FPXHP
AYF7R6L8JKE6XW8TL4,https://apps.apple.com/redeem?ctx=offercodes&id=6761655374&code=AYF7R6L8JKE6XW8TL4
YFR4A8PKLWP4EPXEE4,https://apps.apple.com/redeem?ctx=offercodes&id=6761655374&code=YFR4A8PKLWP4EPXEE4
TTHTA3HWRRHHX8TTXY,https://apps.apple.com/redeem?ctx=offercodes&id=6761655374&code=TTHTA3HWRRHHX8TTXY
YNNJ8Y3X78877AKXHN,https://apps.apple.com/redeem?ctx=offercodes&id=6761655374&code=YNNJ8Y3X78877AKXHN
3XJX84PP8J733NAMWA,https://apps.apple.com/redeem?ctx=offercodes&id=6761655374&code=3XJX84PP8J733NAMWA
PW4ANERX7KKEL4XTLP,https://apps.apple.com/redeem?ctx=offercodes&id=6761655374&code=PW4ANERX7KKEL4XTLP
AJX4HF3HR3M66AMFHF,https://apps.apple.com/redeem?ctx=offercodes&id=6761655374&code=AJX4HF3HR3M66AMFHF
3TR4EJEYMPT3P3WFN8,https://apps.apple.com/redeem?ctx=offercodes&id=6761655374&code=3TR4EJEYMPT3P3WFN8
TWNLM4MHMNYW6NF73H,https://apps.apple.com/redeem?ctx=offercodes&id=6761655374&code=TWNLM4MHMNYW6NF73H
T6TH3TW8NPERYXMXWY,https://apps.apple.com/redeem?ctx=offercodes&id=6761655374&code=T6TH3TW8NPERYXMXWY
MRYA8KKN8HXE87WHTY,https://apps.apple.com/redeem?ctx=offercodes&id=6761655374&code=MRYA8KKN8HXE87WHTY
LTMXMF44XTJJXFJLXW,https://apps.apple.com/redeem?ctx=offercodes&id=6761655374&code=LTMXMF44XTJJXFJLXW
HMJA8KEPKP3REE73XX,https://apps.apple.com/redeem?ctx=offercodes&id=6761655374&code=HMJA8KEPKP3REE73XX
K7K6AEXEAFR38J7JWA,https://apps.apple.com/redeem?ctx=offercodes&id=6761655374&code=K7K6AEXEAFR38J7JWA
Y4WJLH3X8PMAWKJP48,https://apps.apple.com/redeem?ctx=offercodes&id=6761655374&code=Y4WJLH3X8PMAWKJP48
ME86W8M4TE3LJ7WFEL,https://apps.apple.com/redeem?ctx=offercodes&id=6761655374&code=ME86W8M4TE3LJ7WFEL
N8FXE4X7JA8WWM7784,https://apps.apple.com/redeem?ctx=offercodes&id=6761655374&code=N8FXE4X7JA8WWM7784
MRE4EM6WML87JLJMPJ,https://apps.apple.com/redeem?ctx=offercodes&id=6761655374&code=MRE4EM6WML87JLJMPJ
AENL833LPJ4EA6T3ME,https://apps.apple.com/redeem?ctx=offercodes&id=6761655374&code=AENL833LPJ4EA6T3ME
LJLJLH3YLTANTHEA3J,https://apps.apple.com/redeem?ctx=offercodes&id=6761655374&code=LJLJLH3YLTANTHEA3J
AXA4HEE3EXAW4HRJJN,https://apps.apple.com/redeem?ctx=offercodes&id=6761655374&code=AXA4HEE3EXAW4HRJJN
YPXYR7XPAAHFTPKLFJ,https://apps.apple.com/redeem?ctx=offercodes&id=6761655374&code=YPXYR7XPAAHFTPKLFJ
J74PEXAP4T6H8RRL34,https://apps.apple.com/redeem?ctx=offercodes&id=6761655374&code=J74PEXAP4T6H8RRL34
JJ7JAAX36TFW4638MK,https://apps.apple.com/redeem?ctx=offercodes&id=6761655374&code=JJ7JAAX36TFW4638MK
TH6JEY7T4RRMP6A4JR,https://apps.apple.com/redeem?ctx=offercodes&id=6761655374&code=TH6JEY7T4RRMP6A4JR
HH8NL7AWKWWMKEXMWH,https://apps.apple.com/redeem?ctx=offercodes&id=6761655374&code=HH8NL7AWKWWMKEXMWH
HEKHY4TKEHWEA6JPP4,https://apps.apple.com/redeem?ctx=offercodes&id=6761655374&code=HEKHY4TKEHWEA6JPP4
P466TPXPRNHFNP46YF,https://apps.apple.com/redeem?ctx=offercodes&id=6761655374&code=P466TPXPRNHFNP46YF
KXFPKPJK43AH4KHJRW,https://apps.apple.com/redeem?ctx=offercodes&id=6761655374&code=KXFPKPJK43AH4KHJRW
XE3K3R64KFR4RAMK7T,https://apps.apple.com/redeem?ctx=offercodes&id=6761655374&code=XE3K3R64KFR4RAMK7T
46W3W3WJFFNEY6FFAF,https://apps.apple.com/redeem?ctx=offercodes&id=6761655374&code=46W3W3WJFFNEY6FFAF
YXMW7PTFXYX88JY7AK,https://apps.apple.com/redeem?ctx=offercodes&id=6761655374&code=YXMW7PTFXYX88JY7AK
FM6AWTTR8YR883R888,https://apps.apple.com/redeem?ctx=offercodes&id=6761655374&code=FM6AWTTR8YR883R888
3HMK8NRPLYNJMYEA33,https://apps.apple.com/redeem?ctx=offercodes&id=6761655374&code=3HMK8NRPLYNJMYEA33
YPHRL836WTAM3WM34N,https://apps.apple.com/redeem?ctx=offercodes&id=6761655374&code=YPHRL836WTAM3WM34N
WM38NXF47MTKP4LHK7,https://apps.apple.com/redeem?ctx=offercodes&id=6761655374&code=WM38NXF47MTKP4LHK7
8W6F7JATPYWTT76PPH,https://apps.apple.com/redeem?ctx=offercodes&id=6761655374&code=8W6F7JATPYWTT76PPH
RFJTWPX6YPKNNTXHP4,https://apps.apple.com/redeem?ctx=offercodes&id=6761655374&code=RFJTWPX6YPKNNTXHP4
ERN67XYXKE3F74EWNY,https://apps.apple.com/redeem?ctx=offercodes&id=6761655374&code=ERN67XYXKE3F74EWNY
XR34FM6A8YHFAJYLJR,https://apps.apple.com/redeem?ctx=offercodes&id=6761655374&code=XR34FM6A8YHFAJYLJR
TTM438MPKFAR3WRWW6,https://apps.apple.com/redeem?ctx=offercodes&id=6761655374&code=TTM438MPKFAR3WRWW6
RJHMNNKKFEJNKJPLT6,https://apps.apple.com/redeem?ctx=offercodes&id=6761655374&code=RJHMNNKKFEJNKJPLT6
RLEX8K6Y84XEN4H3MX,https://apps.apple.com/redeem?ctx=offercodes&id=6761655374&code=RLEX8K6Y84XEN4H3MX
M3THHAMYLEXYE4YN8F,https://apps.apple.com/redeem?ctx=offercodes&id=6761655374&code=M3THHAMYLEXYE4YN8F
46PAWTJLHKAA4HMF87,https://apps.apple.com/redeem?ctx=offercodes&id=6761655374&code=46PAWTJLHKAA4HMF87
TM6W7HXJNWYYEPN87X,https://apps.apple.com/redeem?ctx=offercodes&id=6761655374&code=TM6W7HXJNWYYEPN87X
WYA3F88PXNNJKL4J4N,https://apps.apple.com/redeem?ctx=offercodes&id=6761655374&code=WYA3F88PXNNJKL4J4N
F8FMP4FPK7H687HYXX,https://apps.apple.com/redeem?ctx=offercodes&id=6761655374&code=F8FMP4FPK7H687HYXX
AHLAJLWLJFFKKXM8LX,https://apps.apple.com/redeem?ctx=offercodes&id=6761655374&code=AHLAJLWLJFFKKXM8LX
LMWYPKTH8TEJLN4YTK,https://apps.apple.com/redeem?ctx=offercodes&id=6761655374&code=LMWYPKTH8TEJLN4YTK
R7AALE47ERPFF3MJY6,https://apps.apple.com/redeem?ctx=offercodes&id=6761655374&code=R7AALE47ERPFF3MJY6
HRYA7W6YK36FW7R88F,https://apps.apple.com/redeem?ctx=offercodes&id=6761655374&code=HRYA7W6YK36FW7R88F
XM6HKFANE638XRXHJX,https://apps.apple.com/redeem?ctx=offercodes&id=6761655374&code=XM6HKFANE638XRXHJX
MW47HJH7EAW3RA8JR7,https://apps.apple.com/redeem?ctx=offercodes&id=6761655374&code=MW47HJH7EAW3RA8JR7
YXY474MA4JTJRJF4JM,https://apps.apple.com/redeem?ctx=offercodes&id=6761655374&code=YXY474MA4JTJRJF4JM
4ML83HKWML6K6NEAFT,https://apps.apple.com/redeem?ctx=offercodes&id=6761655374&code=4ML83HKWML6K6NEAFT
36HF3FRN6ALYAYPX4F,https://apps.apple.com/redeem?ctx=offercodes&id=6761655374&code=36HF3FRN6ALYAYPX4F
7JHFMWPNFNYHE4J8E6,https://apps.apple.com/redeem?ctx=offercodes&id=6761655374&code=7JHFMWPNFNYHE4J8E6
F8NELXHJNEWK8F7LXA,https://apps.apple.com/redeem?ctx=offercodes&id=6761655374&code=F8NELXHJNEWK8F7LXA
TNJNTYFHWY6K3TA7TK,https://apps.apple.com/redeem?ctx=offercodes&id=6761655374&code=TNJNTYFHWY6K3TA7TK
4ATRXRT67T8H8AHMKK,https://apps.apple.com/redeem?ctx=offercodes&id=6761655374&code=4ATRXRT67T8H8AHMKK
FKFLF43NA4XXH4K3W3,https://apps.apple.com/redeem?ctx=offercodes&id=6761655374&code=FKFLF43NA4XXH4K3W3
4XA8EPXYYMXPK7A6TL,https://apps.apple.com/redeem?ctx=offercodes&id=6761655374&code=4XA8EPXYYMXPK7A6TL
6WMFEK3EJETRHE7Y38,https://apps.apple.com/redeem?ctx=offercodes&id=6761655374&code=6WMFEK3EJETRHE7Y38
T3J3YNRNN6YYNANEJF,https://apps.apple.com/redeem?ctx=offercodes&id=6761655374&code=T3J3YNRNN6YYNANEJF
AAAT4PJK4RMPKMJL8R,https://apps.apple.com/redeem?ctx=offercodes&id=6761655374&code=AAAT4PJK4RMPKMJL8R
7FHYEJ763EPNNRLNNY,https://apps.apple.com/redeem?ctx=offercodes&id=6761655374&code=7FHYEJ763EPNNRLNNY
3MY8WJRA8HP873P7EA,https://apps.apple.com/redeem?ctx=offercodes&id=6761655374&code=3MY8WJRA8HP873P7EA
XE3A668746KRTKTXTW,https://apps.apple.com/redeem?ctx=offercodes&id=6761655374&code=XE3A668746KRTKTXTW
RP47ARTRFNAWJYKM7Y,https://apps.apple.com/redeem?ctx=offercodes&id=6761655374&code=RP47ARTRFNAWJYKM7Y
JLLEWKFLNL6XWNXTYH,https://apps.apple.com/redeem?ctx=offercodes&id=6761655374&code=JLLEWKFLNL6XWNXTYH
J7YJ4P3ET7WRFR3TYX,https://apps.apple.com/redeem?ctx=offercodes&id=6761655374&code=J7YJ4P3ET7WRFR3TYX
34P3JK6LWMEF3HK36M,https://apps.apple.com/redeem?ctx=offercodes&id=6761655374&code=34P3JK6LWMEF3HK36M
MAXE64WW6MH8L4RJLK,https://apps.apple.com/redeem?ctx=offercodes&id=6761655374&code=MAXE64WW6MH8L4RJLK
3L873FKANMTEHMEWJ3,https://apps.apple.com/redeem?ctx=offercodes&id=6761655374&code=3L873FKANMTEHMEWJ3
4YMTK6FHHJ4EHXPTKK,https://apps.apple.com/redeem?ctx=offercodes&id=6761655374&code=4YMTK6FHHJ4EHXPTKK
T3HR6AJRLR4NEK4PFM,https://apps.apple.com/redeem?ctx=offercodes&id=6761655374&code=T3HR6AJRLR4NEK4PFM
4H8L7YFJJ6HNF8J6R7,https://apps.apple.com/redeem?ctx=offercodes&id=6761655374&code=4H8L7YFJJ6HNF8J6R7
J4EXXPNE8KNETHMA6Y,https://apps.apple.com/redeem?ctx=offercodes&id=6761655374&code=J4EXXPNE8KNETHMA6Y
3W3NF434X3X4Y4PF86,https://apps.apple.com/redeem?ctx=offercodes&id=6761655374&code=3W3NF434X3X4Y4PF86
LRMJWHAXF47NHWXLHW,https://apps.apple.com/redeem?ctx=offercodes&id=6761655374&code=LRMJWHAXF47NHWXLHW
66LH63HAY4NNTHL6XK,https://apps.apple.com/redeem?ctx=offercodes&id=6761655374&code=66LH63HAY4NNTHL6XK
Y834R7WN8MWY6XTKLA,https://apps.apple.com/redeem?ctx=offercodes&id=6761655374&code=Y834R7WN8MWY6XTKLA
H6LW3NH768XXNF6EEL,https://apps.apple.com/redeem?ctx=offercodes&id=6761655374&code=H6LW3NH768XXNF6EEL
T7YNE8XEETN6WA8FWL,https://apps.apple.com/redeem?ctx=offercodes&id=6761655374&code=T7YNE8XEETN6WA8FWL
LFJHJAYNJ8ELTNY6FH,https://apps.apple.com/redeem?ctx=offercodes&id=6761655374&code=LFJHJAYNJ8ELTNY6FH
KWRE6X6YALX4WF3JE7,https://apps.apple.com/redeem?ctx=offercodes&id=6761655374&code=KWRE6X6YALX4WF3JE7
TAE64YH6J4MFPP4RTT,https://apps.apple.com/redeem?ctx=offercodes&id=6761655374&code=TAE64YH6J4MFPP4RTT
J7TWXTXT8PXHFFTAHX,https://apps.apple.com/redeem?ctx=offercodes&id=6761655374&code=J7TWXTXT8PXHFFTAHX
84R4JXKRHW6KTAJA4H,https://apps.apple.com/redeem?ctx=offercodes&id=6761655374&code=84R4JXKRHW6KTAJA4H
TF6KK34PTKY7JHWLML,https://apps.apple.com/redeem?ctx=offercodes&id=6761655374&code=TF6KK34PTKY7JHWLML
PF8MXWXJHAH7WXFEWH,https://apps.apple.com/redeem?ctx=offercodes&id=6761655374&code=PF8MXWXJHAH7WXFEWH
KAFMF74NNAWK4KLTJM,https://apps.apple.com/redeem?ctx=offercodes&id=6761655374&code=KAFMF74NNAWK4KLTJM
4FRM8RP7TFYFJYRKHY,https://apps.apple.com/redeem?ctx=offercodes&id=6761655374&code=4FRM8RP7TFYFJYRKHY
RRTRXTEFWF8LXMWXJH,https://apps.apple.com/redeem?ctx=offercodes&id=6761655374&code=RRTRXTEFWF8LXMWXJH
XJ7XJP646PR7L73K4L,https://apps.apple.com/redeem?ctx=offercodes&id=6761655374&code=XJ7XJP646PR7L73K4L
6YLF46LK3Y64EM8E4T,https://apps.apple.com/redeem?ctx=offercodes&id=6761655374&code=6YLF46LK3Y64EM8E4T
RMKKMP4MM7JH6RXEHR,https://apps.apple.com/redeem?ctx=offercodes&id=6761655374&code=RMKKMP4MM7JH6RXEHR
N8RYKNRYE6K3HHRLLW,https://apps.apple.com/redeem?ctx=offercodes&id=6761655374&code=N8RYKNRYE6K3HHRLLW
ELLE6R3NYK4WFPP7YN,https://apps.apple.com/redeem?ctx=offercodes&id=6761655374&code=ELLE6R3NYK4WFPP7YN
3RN4HPK6X63JFJNWN8,https://apps.apple.com/redeem?ctx=offercodes&id=6761655374&code=3RN4HPK6X63JFJNWN8
W3ALLJ8JY4R4E8A7NN,https://apps.apple.com/redeem?ctx=offercodes&id=6761655374&code=W3ALLJ8JY4R4E8A7NN
66ENMET6KMKN8X3HMW,https://apps.apple.com/redeem?ctx=offercodes&id=6761655374&code=66ENMET6KMKN8X3HMW
KN83F66LYY4XMK3PJY,https://apps.apple.com/redeem?ctx=offercodes&id=6761655374&code=KN83F66LYY4XMK3PJY
FK6M4EHJHAH7LL66WE,https://apps.apple.com/redeem?ctx=offercodes&id=6761655374&code=FK6M4EHJHAH7LL66WE
L7YLLW4KF6HEPLPFH3,https://apps.apple.com/redeem?ctx=offercodes&id=6761655374&code=L7YLLW4KF6HEPLPFH3
HNTETWMKWNKN6X3TRR,https://apps.apple.com/redeem?ctx=offercodes&id=6761655374&code=HNTETWMKWNKN6X3TRR
THFELLKHN4YY4XXPJR,https://apps.apple.com/redeem?ctx=offercodes&id=6761655374&code=THFELLKHN4YY4XXPJR
E7FPA638F6KKRL4Y4F,https://apps.apple.com/redeem?ctx=offercodes&id=6761655374&code=E7FPA638F6KKRL4Y4F
RPYFPWTRRF6LWL37AH,https://apps.apple.com/redeem?ctx=offercodes&id=6761655374&code=RPYFPWTRRF6LWL37AH
JY8WEJJ3PW3N3XMFAX,https://apps.apple.com/redeem?ctx=offercodes&id=6761655374&code=JY8WEJJ3PW3N3XMFAX
AHN3XMNR6EEFAPFKYA,https://apps.apple.com/redeem?ctx=offercodes&id=6761655374&code=AHN3XMNR6EEFAPFKYA
HLFJMXE73M6478FRJA,https://apps.apple.com/redeem?ctx=offercodes&id=6761655374&code=HLFJMXE73M6478FRJA
E8RXNPJ6WYAXNLW4X8,https://apps.apple.com/redeem?ctx=offercodes&id=6761655374&code=E8RXNPJ6WYAXNLW4X8
WFFMHNTRPMEFAR8HE6,https://apps.apple.com/redeem?ctx=offercodes&id=6761655374&code=WFFMHNTRPMEFAR8HE6
W46JRN77WEKELRAMRX,https://apps.apple.com/redeem?ctx=offercodes&id=6761655374&code=W46JRN77WEKELRAMRX
33FH3HNWLAHE88XPLY,https://apps.apple.com/redeem?ctx=offercodes&id=6761655374&code=33FH3HNWLAHE88XPLY
6PKRHX3PKAXE677X7H,https://apps.apple.com/redeem?ctx=offercodes&id=6761655374&code=6PKRHX3PKAXE677X7H
7AXFXW34LF8HXNTFF6,https://apps.apple.com/redeem?ctx=offercodes&id=6761655374&code=7AXFXW34LF8HXNTFF6
TFELPWH4YKEK8FE83N,https://apps.apple.com/redeem?ctx=offercodes&id=6761655374&code=TFELPWH4YKEK8FE83N
FM363K383KLAMR748T,https://apps.apple.com/redeem?ctx=offercodes&id=6761655374&code=FM363K383KLAMR748T
HMNM6NLWLAAAW6APT8,https://apps.apple.com/redeem?ctx=offercodes&id=6761655374&code=HMNM6NLWLAAAW6APT8
MHJPXTHYAPMEFHNR47,https://apps.apple.com/redeem?ctx=offercodes&id=6761655374&code=MHJPXTHYAPMEFHNR47
H7A7WEWXF74EJH8RAM,https://apps.apple.com/redeem?ctx=offercodes&id=6761655374&code=H7A7WEWXF74EJH8RAM
6JP4TEJEPHL3PJMLWJ,https://apps.apple.com/redeem?ctx=offercodes&id=6761655374&code=6JP4TEJEPHL3PJMLWJ
E6XFJL67M3473JE77P,https://apps.apple.com/redeem?ctx=offercodes&id=6761655374&code=E6XFJL67M3473JE77P
M6384LJRTFM7MHA34H,https://apps.apple.com/redeem?ctx=offercodes&id=6761655374&code=M6384LJRTFM7MHA34H
8AXFXNJ6ARPHXWETMM,https://apps.apple.com/redeem?ctx=offercodes&id=6761655374&code=8AXFXNJ6ARPHXWETMM
HEYMYH6T3H3FR4KLH8,https://apps.apple.com/redeem?ctx=offercodes&id=6761655374&code=HEYMYH6T3H3FR4KLH8
N4J8RHHKLWALHNWYET,https://apps.apple.com/redeem?ctx=offercodes&id=6761655374&code=N4J8RHHKLWALHNWYET
848LPPTAKHNMFWYHMY,https://apps.apple.com/redeem?ctx=offercodes&id=6761655374&code=848LPPTAKHNMFWYHMY
RWTFPNMEAK3ALLAAYF,https://apps.apple.com/redeem?ctx=offercodes&id=6761655374&code=RWTFPNMEAK3ALLAAYF
XHFJL4A3P8X77HPH6T,https://apps.apple.com/redeem?ctx=offercodes&id=6761655374&code=XHFJL4A3P8X77HPH6T
LNMHMPYTETA6E8KRAM,https://apps.apple.com/redeem?ctx=offercodes&id=6761655374&code=LNMHMPYTETA6E8KRAM
RHHNP4E4R4TXKPAPFT,https://apps.apple.com/redeem?ctx=offercodes&id=6761655374&code=RHHNP4E4R4TXKPAPFT
ML3W6YNFP8KKKM678L,https://apps.apple.com/redeem?ctx=offercodes&id=6761655374&code=ML3W6YNFP8KKKM678L
H4HYK77J4M4XLYTYH3,https://apps.apple.com/redeem?ctx=offercodes&id=6761655374&code=H4HYK77J4M4XLYTYH3
NKNRFFX8X67N3LET8W,https://apps.apple.com/redeem?ctx=offercodes&id=6761655374&code=NKNRFFX8X67N3LET8W
4Y6WH3YXRNEA8YFYAP,https://apps.apple.com/redeem?ctx=offercodes&id=6761655374&code=4Y6WH3YXRNEA8YFYAP
J4EF7WWY7HY7HAYTNA,https://apps.apple.com/redeem?ctx=offercodes&id=6761655374&code=J4EF7WWY7HY7HAYTNA
74ANYT6F4EHJ38ENP8,https://apps.apple.com/redeem?ctx=offercodes&id=6761655374&code=74ANYT6F4EHJ38ENP8
R8E7E4NHLAFNP3AY8Y,https://apps.apple.com/redeem?ctx=offercodes&id=6761655374&code=R8E7E4NHLAFNP3AY8Y
HKMKMTFY3KTJPWKFF4,https://apps.apple.com/redeem?ctx=offercodes&id=6761655374&code=HKMKMTFY3KTJPWKFF4
XP6FKRHJFEE6N8WK36,https://apps.apple.com/redeem?ctx=offercodes&id=6761655374&code=XP6FKRHJFEE6N8WK36
A7KAMWX4ELX3ATWPX7,https://apps.apple.com/redeem?ctx=offercodes&id=6761655374&code=A7KAMWX4ELX3ATWPX7
7PMK76AYE6TLMJJTTX,https://apps.apple.com/redeem?ctx=offercodes&id=6761655374&code=7PMK76AYE6TLMJJTTX
R67WLX6LTWEMAPW36K,https://apps.apple.com/redeem?ctx=offercodes&id=6761655374&code=R67WLX6LTWEMAPW36K
4EK87K6RJ6F73MN3A7,https://apps.apple.com/redeem?ctx=offercodes&id=6761655374&code=4EK87K6RJ6F73MN3A7
TKTW6NR3F8FNE3W3EP,https://apps.apple.com/redeem?ctx=offercodes&id=6761655374&code=TKTW6NR3F8FNE3W3EP
X7XK8KP78F7XTAHFRK,https://apps.apple.com/redeem?ctx=offercodes&id=6761655374&code=X7XK8KP78F7XTAHFRK
YYAF864MRYNJ6PPRN7,https://apps.apple.com/redeem?ctx=offercodes&id=6761655374&code=YYAF864MRYNJ6PPRN7
PMX3L83TXN66WANEYX,https://apps.apple.com/redeem?ctx=offercodes&id=6761655374&code=PMX3L83TXN66WANEYX
WXY8XTPWJHJ4JEEXP3,https://apps.apple.com/redeem?ctx=offercodes&id=6761655374&code=WXY8XTPWJHJ4JEEXP3
F4ME843WWMRLYYENWM,https://apps.apple.com/redeem?ctx=offercodes&id=6761655374&code=F4ME843WWMRLYYENWM
AXTFA3A4JETXEJ46E7,https://apps.apple.com/redeem?ctx=offercodes&id=6761655374&code=AXTFA3A4JETXEJ46E7
P4Y3TH77FWXYKFMRKE,https://apps.apple.com/redeem?ctx=offercodes&id=6761655374&code=P4Y3TH77FWXYKFMRKE
YKLK3TRYTEYLHLKL4T,https://apps.apple.com/redeem?ctx=offercodes&id=6761655374&code=YKLK3TRYTEYLHLKL4T
LF3KPT4PNHX64A83AY,https://apps.apple.com/redeem?ctx=offercodes&id=6761655374&code=LF3KPT4PNHX64A83AY
7HLFYH6RJ6WLPRH6MK,https://apps.apple.com/redeem?ctx=offercodes&id=6761655374&code=7HLFYH6RJ6WLPRH6MK
ETK6K4KMW4E8T6PLYX,https://apps.apple.com/redeem?ctx=offercodes&id=6761655374&code=ETK6K4KMW4E8T6PLYX
H8JYY3LH7JJ4L4FJ4J,https://apps.apple.com/redeem?ctx=offercodes&id=6761655374&code=H8JYY3LH7JJ4L4FJ4J
6L6AT63W8EMRHLNRMA,https://apps.apple.com/redeem?ctx=offercodes&id=6761655374&code=6L6AT63W8EMRHLNRMA
YX4HLTMMWJ4TWWTKJ7,https://apps.apple.com/redeem?ctx=offercodes&id=6761655374&code=YX4HLTMMWJ4TWWTKJ7
KTNAAE8RNLTLMKNRPN,https://apps.apple.com/redeem?ctx=offercodes&id=6761655374&code=KTNAAE8RNLTLMKNRPN
6EH8MJF3H8MLPMAYJ6,https://apps.apple.com/redeem?ctx=offercodes&id=6761655374&code=6EH8MJF3H8MLPMAYJ6
YF6MXJF88NXEFJT6NY,https://apps.apple.com/redeem?ctx=offercodes&id=6761655374&code=YF6MXJF88NXEFJT6NY
3E74F38M788KJKXW6M,https://apps.apple.com/redeem?ctx=offercodes&id=6761655374&code=3E74F38M788KJKXW6M
7JTJA7LAKAXM43HTKX,https://apps.apple.com/redeem?ctx=offercodes&id=6761655374&code=7JTJA7LAKAXM43HTKX
TAFX4KPW4JWJ4RYH3P,https://apps.apple.com/redeem?ctx=offercodes&id=6761655374&code=TAFX4KPW4JWJ4RYH3P
6WLYY4NNMML47H3W44,https://apps.apple.com/redeem?ctx=offercodes&id=6761655374&code=6WLYY4NNMML47H3W44
LJNTPYEHRA7R38NYPR,https://apps.apple.com/redeem?ctx=offercodes&id=6761655374&code=LJNTPYEHRA7R38NYPR
KMFKEYM4KRFFNRKALH,https://apps.apple.com/redeem?ctx=offercodes&id=6761655374&code=KMFKEYM4KRFFNRKALH
HAJXWTPJKTM7TH3EXM,https://apps.apple.com/redeem?ctx=offercodes&id=6761655374&code=HAJXWTPJKTM7TH3EXM
XNA6RLTXMLH88JR3X8,https://apps.apple.com/redeem?ctx=offercodes&id=6761655374&code=XNA6RLTXMLH88JR3X8
7FM634MRLNT8N8HL8Y,https://apps.apple.com/redeem?ctx=offercodes&id=6761655374&code=7FM634MRLNT8N8HL8Y
KJARYREH84A3H4YM6W,https://apps.apple.com/redeem?ctx=offercodes&id=6761655374&code=KJARYREH84A3H4YM6W
HXK8M7TWE6KLJHWFPL,https://apps.apple.com/redeem?ctx=offercodes&id=6761655374&code=HXK8M7TWE6KLJHWFPL
W3TPXP8JXH3KRY7RNL,https://apps.apple.com/redeem?ctx=offercodes&id=6761655374&code=W3TPXP8JXH3KRY7RNL
RMYA74MEPKYAXHMMTY,https://apps.apple.com/redeem?ctx=offercodes&id=6761655374&code=RMYA74MEPKYAXHMMTY
M7YHNF3MRKKWX4LWX6,https://apps.apple.com/redeem?ctx=offercodes&id=6761655374&code=M7YHNF3MRKKWX4LWX6
LTK77HPFP8E7NXHM48,https://apps.apple.com/redeem?ctx=offercodes&id=6761655374&code=LTK77HPFP8E7NXHM48
38N8XKF3FHHWTFNXEM,https://apps.apple.com/redeem?ctx=offercodes&id=6761655374&code=38N8XKF3FHHWTFNXEM
RFRPHMJPLHN4JH6N4P,https://apps.apple.com/redeem?ctx=offercodes&id=6761655374&code=RFRPHMJPLHN4JH6N4P
NAYYMANKKKFJNEJ67K,https://apps.apple.com/redeem?ctx=offercodes&id=6761655374&code=NAYYMANKKKFJNEJ67K
J7JHFHPAXRHWKNE36F,https://apps.apple.com/redeem?ctx=offercodes&id=6761655374&code=J7JHFHPAXRHWKNE36F
N83K36FM7488AMFYXT,https://apps.apple.com/redeem?ctx=offercodes&id=6761655374&code=N83K36FM7488AMFYXT
FXHFW4WYYXN738RY8N,https://apps.apple.com/redeem?ctx=offercodes&id=6761655374&code=FXHFW4WYYXN738RY8N
PWPM6T864EKWMFMXHH,https://apps.apple.com/redeem?ctx=offercodes&id=6761655374&code=PWPM6T864EKWMFMXHH
44T8FP7YPMA3YWXYHJ,https://apps.apple.com/redeem?ctx=offercodes&id=6761655374&code=44T8FP7YPMA3YWXYHJ
P3363R4PLNLAFEPT4A,https://apps.apple.com/redeem?ctx=offercodes&id=6761655374&code=P3363R4PLNLAFEPT4A
M4PRR8PLJYJLAX6378,https://apps.apple.com/redeem?ctx=offercodes&id=6761655374&code=M4PRR8PLJYJLAX6378
4KKATHYYRTNJFE7YX6,https://apps.apple.com/redeem?ctx=offercodes&id=6761655374&code=4KKATHYYRTNJFE7YX6
LEK8WAL6HTHAYP7R67,https://apps.apple.com/redeem?ctx=offercodes&id=6761655374&code=LEK8WAL6HTHAYP7R67
PMRFXR74WAHFTEJXEF,https://apps.apple.com/redeem?ctx=offercodes&id=6761655374&code=PMRFXR74WAHFTEJXEF
XKFK6KAK4LA4434L8M,https://apps.apple.com/redeem?ctx=offercodes&id=6761655374&code=XKFK6KAK4LA4434L8M
FW7MEN4JTY7Y3E4MHJ,https://apps.apple.com/redeem?ctx=offercodes&id=6761655374&code=FW7MEN4JTY7Y3E4MHJ
4EEPEF3JHPP8YKHYH3,https://apps.apple.com/redeem?ctx=offercodes&id=6761655374&code=4EEPEF3JHPP8YKHYH3
A8AR7LEPWLJ376XRWY,https://apps.apple.com/redeem?ctx=offercodes&id=6761655374&code=A8AR7LEPWLJ376XRWY
WM4JLPWT78EYHFP8XE,https://apps.apple.com/redeem?ctx=offercodes&id=6761655374&code=WM4JLPWT78EYHFP8XE
KKNHTMKAKT3KKHE6NN,https://apps.apple.com/redeem?ctx=offercodes&id=6761655374&code=KKNHTMKAKT3KKHE6NN
PKWEAYR64L8ATEAMEJ,https://apps.apple.com/redeem?ctx=offercodes&id=6761655374&code=PKWEAYR64L8ATEAMEJ
PLXPLTRXARLXHHLAL8,https://apps.apple.com/redeem?ctx=offercodes&id=6761655374&code=PLXPLTRXARLXHHLAL8
LA8RTYR8TXETJK48H4,https://apps.apple.com/redeem?ctx=offercodes&id=6761655374&code=LA8RTYR8TXETJK48H4
WHEL34FPFLXFNT7R3F,https://apps.apple.com/redeem?ctx=offercodes&id=6761655374&code=WHEL34FPFLXFNT7R3F
8HRAYTRPAE8T8X8Y6W,https://apps.apple.com/redeem?ctx=offercodes&id=6761655374&code=8HRAYTRPAE8T8X8Y6W
ENL3X6EALKEKE8AFYM,https://apps.apple.com/redeem?ctx=offercodes&id=6761655374&code=ENL3X6EALKEKE8AFYM
R74RN43KF67R6JXMW7,https://apps.apple.com/redeem?ctx=offercodes&id=6761655374&code=R74RN43KF67R6JXMW7
8LJJK3474E6RX4HPL4,https://apps.apple.com/redeem?ctx=offercodes&id=6761655374&code=8LJJK3474E6RX4HPL4
MRTLY8ALKPR3MRFYHH,https://apps.apple.com/redeem?ctx=offercodes&id=6761655374&code=MRTLY8ALKPR3MRFYHH
WFJPXJHJ3HY37XNPRW,https://apps.apple.com/redeem?ctx=offercodes&id=6761655374&code=WFJPXJHJ3HY37XNPRW
WY8FA77HYEMEE67LA8,https://apps.apple.com/redeem?ctx=offercodes&id=6761655374&code=WY8FA77HYEMEE67LA8
LMKYYPKFHTF3KEJYHY,https://apps.apple.com/redeem?ctx=offercodes&id=6761655374&code=LMKYYPKFHTF3KEJYHY
HYFNNKR6T8FJN4LTR3,https://apps.apple.com/redeem?ctx=offercodes&id=6761655374&code=HYFNNKR6T8FJN4LTR3
YYXFEAA8F6MKN6XK3K,https://apps.apple.com/redeem?ctx=offercodes&id=6761655374&code=YYXFEAA8F6MKN6XK3K
4TE86TK634FRHX6NN6,https://apps.apple.com/redeem?ctx=offercodes&id=6761655374&code=4TE86TK634FRHX6NN6
3PLEW7743E3F4R3YNR,https://apps.apple.com/redeem?ctx=offercodes&id=6761655374&code=3PLEW7743E3F4R3YNR
6H6K644HNRJY3NET3W,https://apps.apple.com/redeem?ctx=offercodes&id=6761655374&code=6H6K644HNRJY3NET3W
EA6W43W8FYXE73YEX8,https://apps.apple.com/redeem?ctx=offercodes&id=6761655374&code=EA6W43W8FYXE73YEX8
67FML7YWAX736KL3KH,https://apps.apple.com/redeem?ctx=offercodes&id=6761655374&code=67FML7YWAX736KL3KH
R4YJ84AT8J76M8788X,https://apps.apple.com/redeem?ctx=offercodes&id=6761655374&code=R4YJ84AT8J76M8788X
HNL4LRT8MY7HEXM7LK,https://apps.apple.com/redeem?ctx=offercodes&id=6761655374&code=HNL4LRT8MY7HEXM7LK
JNM43WYE74NXLTWTYW,https://apps.apple.com/redeem?ctx=offercodes&id=6761655374&code=JNM43WYE74NXLTWTYW
JWYNEELM77W8EEJ74T,https://apps.apple.com/redeem?ctx=offercodes&id=6761655374&code=JWYNEELM77W8EEJ74T
NEXMEJN44M7XT8KRR7,https://apps.apple.com/redeem?ctx=offercodes&id=6761655374&code=NEXMEJN44M7XT8KRR7
4LYHT4RNLHRLM6PAPF,https://apps.apple.com/redeem?ctx=offercodes&id=6761655374&code=4LYHT4RNLHRLM6PAPF
6FHHJXAE48NEY74FHF,https://apps.apple.com/redeem?ctx=offercodes&id=6761655374&code=6FHHJXAE48NEY74FHF
4WMRRRHNHFLTMLFNHT,https://apps.apple.com/redeem?ctx=offercodes&id=6761655374&code=4WMRRRHNHFLTMLFNHT
J7EKWX4H84X6KMHHYN,https://apps.apple.com/redeem?ctx=offercodes&id=6761655374&code=J7EKWX4H84X6KMHHYN
7L34YHHEMWEYH68EJJ,https://apps.apple.com/redeem?ctx=offercodes&id=6761655374&code=7L34YHHEMWEYH68EJJ
WH4E8R4PHWT74WJPWN,https://apps.apple.com/redeem?ctx=offercodes&id=6761655374&code=WH4E8R4PHWT74WJPWN
JR648AEHW8RXXAKA38,https://apps.apple.com/redeem?ctx=offercodes&id=6761655374&code=JR648AEHW8RXXAKA38
JRRXNR7JLWXY8AK8W3,https://apps.apple.com/redeem?ctx=offercodes&id=6761655374&code=JRRXNR7JLWXY8AK8W3
8YRYWKJHJ8WLR8P6NR,https://apps.apple.com/redeem?ctx=offercodes&id=6761655374&code=8YRYWKJHJ8WLR8P6NR
74PLALA88NNMX37EXJ,https://apps.apple.com/redeem?ctx=offercodes&id=6761655374&code=74PLALA88NNMX37EXJ
43W7NKXNH8P6KFLX34,https://apps.apple.com/redeem?ctx=offercodes&id=6761655374&code=43W7NKXNH8P6KFLX34
TAYE8LXANMJ6AAMY7A,https://apps.apple.com/redeem?ctx=offercodes&id=6761655374&code=TAYE8LXANMJ6AAMY7A
AM6H7FW3AXPJ8NK7LN,https://apps.apple.com/redeem?ctx=offercodes&id=6761655374&code=AM6H7FW3AXPJ8NK7LN
H36TTY73EJATPPNN7Y,https://apps.apple.com/redeem?ctx=offercodes&id=6761655374&code=H36TTY73EJATPPNN7Y
4HLNEFNA4XA87AERHK,https://apps.apple.com/redeem?ctx=offercodes&id=6761655374&code=4HLNEFNA4XA87AERHK
RWJHHMAJX34N6FTW3M,https://apps.apple.com/redeem?ctx=offercodes&id=6761655374&code=RWJHHMAJX34N6FTW3M
RRKWP67TYXJA8WY7P3,https://apps.apple.com/redeem?ctx=offercodes&id=6761655374&code=RRKWP67TYXJA8WY7P3
LPT37YXF6EWFPF7AMY,https://apps.apple.com/redeem?ctx=offercodes&id=6761655374&code=LPT37YXF6EWFPF7AMY
P38KPN6JTWF4FW4YJK,https://apps.apple.com/redeem?ctx=offercodes&id=6761655374&code=P38KPN6JTWF4FW4YJK
633LXWLPR6J8RMEY7F,https://apps.apple.com/redeem?ctx=offercodes&id=6761655374&code=633LXWLPR6J8RMEY7F
N83LMHJ7RENW3Y87L7,https://apps.apple.com/redeem?ctx=offercodes&id=6761655374&code=N83LMHJ7RENW3Y87L7
LEMKL8ENTKHNHLPTRM,https://apps.apple.com/redeem?ctx=offercodes&id=6761655374&code=LEMKL8ENTKHNHLPTRM
46AFHLY8YN44AH3EWA,https://apps.apple.com/redeem?ctx=offercodes&id=6761655374&code=46AFHLY8YN44AH3EWA
ARFN8M48R448FJYHLR,https://apps.apple.com/redeem?ctx=offercodes&id=6761655374&code=ARFN8M48R448FJYHLR
7TW3367PX7ARWXMMXX,https://apps.apple.com/redeem?ctx=offercodes&id=6761655374&code=7TW3367PX7ARWXMMXX
7JHT7YPJ83TYLH3P4P,https://apps.apple.com/redeem?ctx=offercodes&id=6761655374&code=7JHT7YPJ83TYLH3P4P
8A68YRM73JA3PAW73T,https://apps.apple.com/redeem?ctx=offercodes&id=6761655374&code=8A68YRM73JA3PAW73T
JXA87L6MHY4MJLXYMW,https://apps.apple.com/redeem?ctx=offercodes&id=6761655374&code=JXA87L6MHY4MJLXYMW
88TYWKT87L4RLLJ3HF,https://apps.apple.com/redeem?ctx=offercodes&id=6761655374&code=88TYWKT87L4RLLJ3HF
MHJK8FJAF6X8HA8LYA,https://apps.apple.com/redeem?ctx=offercodes&id=6761655374&code=MHJK8FJAF6X8HA8LYA
E8WP6RKPJX4KRNMFNK,https://apps.apple.com/redeem?ctx=offercodes&id=6761655374&code=E8WP6RKPJX4KRNMFNK
WR7RKEMWEALK447A6L,https://apps.apple.com/redeem?ctx=offercodes&id=6761655374&code=WR7RKEMWEALK447A6L
KXNRYF3TN44YFK8X47,https://apps.apple.com/redeem?ctx=offercodes&id=6761655374&code=KXNRYF3TN44YFK8X47
FTY3TEFF3XX66F6A66,https://apps.apple.com/redeem?ctx=offercodes&id=6761655374&code=FTY3TEFF3XX66F6A66
HF84W83N74A44JH7K3,https://apps.apple.com/redeem?ctx=offercodes&id=6761655374&code=HF84W83N74A44JH7K3
ENP3RTM3MEJ6JF3836,https://apps.apple.com/redeem?ctx=offercodes&id=6761655374&code=ENP3RTM3MEJ6JF3836
XAEP3NNW4NW7HLJPJJ,https://apps.apple.com/redeem?ctx=offercodes&id=6761655374&code=XAEP3NNW4NW7HLJPJJ
6LL6F47H434HRXHE6H,https://apps.apple.com/redeem?ctx=offercodes&id=6761655374&code=6LL6F47H434HRXHE6H
FJ44JMNAEYJ3PH7Y6M,https://apps.apple.com/redeem?ctx=offercodes&id=6761655374&code=FJ44JMNAEYJ3PH7Y6M
68HXPJXKRFTA87NEHW,https://apps.apple.com/redeem?ctx=offercodes&id=6761655374&code=68HXPJXKRFTA87NEHW
XWKTT38M66JL8EXFAY,https://apps.apple.com/redeem?ctx=offercodes&id=6761655374&code=XWKTT38M66JL8EXFAY
XKJLL8NH6RFR8YRH67,https://apps.apple.com/redeem?ctx=offercodes&id=6761655374&code=XKJLL8NH6RFR8YRH67
7M4WPM36XA4TMJ8MAN,https://apps.apple.com/redeem?ctx=offercodes&id=6761655374&code=7M4WPM36XA4TMJ8MAN
67RA8PENW3Y4YYELTF,https://apps.apple.com/redeem?ctx=offercodes&id=6761655374&code=67RA8PENW3Y4YYELTF
NJH7RRA4KNWHMPJN76,https://apps.apple.com/redeem?ctx=offercodes&id=6761655374&code=NJH7RRA4KNWHMPJN76
EE836MT4W7FEWRT3KJ,https://apps.apple.com/redeem?ctx=offercodes&id=6761655374&code=EE836MT4W7FEWRT3KJ
3H7RRARMFK3X3N7XNK,https://apps.apple.com/redeem?ctx=offercodes&id=6761655374&code=3H7RRARMFK3X3N7XNK
XJTFX3T438R834N88T,https://apps.apple.com/redeem?ctx=offercodes&id=6761655374&code=XJTFX3T438R834N88T
WTT6JKKE37JMT8P6HW,https://apps.apple.com/redeem?ctx=offercodes&id=6761655374&code=WTT6JKKE37JMT8P6HW
FYWM6MXXYJTWFNMA76,https://apps.apple.com/redeem?ctx=offercodes&id=6761655374&code=FYWM6MXXYJTWFNMA76
8T4WAK44NN3M43WMEF,https://apps.apple.com/redeem?ctx=offercodes&id=6761655374&code=8T4WAK44NN3M43WMEF
HXF838YMJXYEXWXY46,https://apps.apple.com/redeem?ctx=offercodes&id=6761655374&code=HXF838YMJXYEXWXY46
MEXLLX8L7FEF6XPREK,https://apps.apple.com/redeem?ctx=offercodes&id=6761655374&code=MEXLLX8L7FEF6XPREK
P383F4PRR3R64MXLP6,https://apps.apple.com/redeem?ctx=offercodes&id=6761655374&code=P383F4PRR3R64MXLP6
FN8RTXKJ84T46JJ67P,https://apps.apple.com/redeem?ctx=offercodes&id=6761655374&code=FN8RTXKJ84T46JJ67P
YJTYKHJ7ARLPN6YAWH,https://apps.apple.com/redeem?ctx=offercodes&id=6761655374&code=YJTYKHJ7ARLPN6YAWH
7TARRJREJJXFRXNXLP,https://apps.apple.com/redeem?ctx=offercodes&id=6761655374&code=7TARRJREJJXFRXNXLP
FX3P783TTP4NT8WRR7,https://apps.apple.com/redeem?ctx=offercodes&id=6761655374&code=FX3P783TTP4NT8WRR7
E3W38FRE3TTNMAYXAM,https://apps.apple.com/redeem?ctx=offercodes&id=6761655374&code=E3W38FRE3TTNMAYXAM
JA8666W446LKF4H8K7,https://apps.apple.com/redeem?ctx=offercodes&id=6761655374&code=JA8666W446LKF4H8K7
4M77H6J4F6RFFXNXFY,https://apps.apple.com/redeem?ctx=offercodes&id=6761655374&code=4M77H6J4F6RFFXNXFY
88646FR3E36P63PYKE,https://apps.apple.com/redeem?ctx=offercodes&id=6761655374&code=88646FR3E36P63PYKE
WWA7RMNT7WLRXJ7LK4,https://apps.apple.com/redeem?ctx=offercodes&id=6761655374&code=WWA7RMNT7WLRXJ7LK4
E8N8P86T7P64YMMEEL,https://apps.apple.com/redeem?ctx=offercodes&id=6761655374&code=E8N8P86T7P64YMMEEL
N3NWJJK873W768RLY3,https://apps.apple.com/redeem?ctx=offercodes&id=6761655374&code=N3NWJJK873W768RLY3
4WXHTMXWKWJYL64KNY,https://apps.apple.com/redeem?ctx=offercodes&id=6761655374&code=4WXHTMXWKWJYL64KNY
PFFPAML6EW74P4WLN4,https://apps.apple.com/redeem?ctx=offercodes&id=6761655374&code=PFFPAML6EW74P4WLN4
AYLR87XHXMMR3T6JLW,https://apps.apple.com/redeem?ctx=offercodes&id=6761655374&code=AYLR87XHXMMR3T6JLW
MR64AEJFTYYPRR7RJM,https://apps.apple.com/redeem?ctx=offercodes&id=6761655374&code=MR64AEJFTYYPRR7RJM
XJAYL6JKNL4WKWLEK7,https://apps.apple.com/redeem?ctx=offercodes&id=6761655374&code=XJAYL6JKNL4WKWLEK7
4MKLEP4KWP46AF37WY,https://apps.apple.com/redeem?ctx=offercodes&id=6761655374&code=4MKLEP4KWP46AF37WY
WP88XAEHTJTRH7PLW6,https://apps.apple.com/redeem?ctx=offercodes&id=6761655374&code=WP88XAEHTJTRH7PLW6
NMTKP6JWHAWH6WTNNR,https://apps.apple.com/redeem?ctx=offercodes&id=6761655374&code=NMTKP6JWHAWH6WTNNR
APF4PNHHNMWPLT6XWW,https://apps.apple.com/redeem?ctx=offercodes&id=6761655374&code=APF4PNHHNMWPLT6XWW
744PMFEYPJJRWTW6TR,https://apps.apple.com/redeem?ctx=offercodes&id=6761655374&code=744PMFEYPJJRWTW6TR
P4LLKR4N7WK3W86KP3,https://apps.apple.com/redeem?ctx=offercodes&id=6761655374&code=P4LLKR4N7WK3W86KP3
43A6RAJ4AA7HXKFNER,https://apps.apple.com/redeem?ctx=offercodes&id=6761655374&code=43A6RAJ4AA7HXKFNER
WXEKYE64X4PKK8YKAH,https://apps.apple.com/redeem?ctx=offercodes&id=6761655374&code=WXEKYE64X4PKK8YKAH
4HEMYP4FEPJ3TY8HAT,https://apps.apple.com/redeem?ctx=offercodes&id=6761655374&code=4HEMYP4FEPJ3TY8HAT
737Y34NFMXFM4N8X83,https://apps.apple.com/redeem?ctx=offercodes&id=6761655374&code=737Y34NFMXFM4N8X83
TN7WXH83WRLK8WX484,https://apps.apple.com/redeem?ctx=offercodes&id=6761655374&code=TN7WXH83WRLK8WX484
J7XYN4NPETL6Y7R8AN,https://apps.apple.com/redeem?ctx=offercodes&id=6761655374&code=J7XYN4NPETL6Y7R8AN
ENMWATKR8NLRFJRNT6,https://apps.apple.com/redeem?ctx=offercodes&id=6761655374&code=ENMWATKR8NLRFJRNT6
7JYXJ4TWLXWF6KWJ3X,https://apps.apple.com/redeem?ctx=offercodes&id=6761655374&code=7JYXJ4TWLXWF6KWJ3X
NH6H3KKH6WAAKYAREK,https://apps.apple.com/redeem?ctx=offercodes&id=6761655374&code=NH6H3KKH6WAAKYAREK
EKMEH3JW8XTFF8TETE,https://apps.apple.com/redeem?ctx=offercodes&id=6761655374&code=EKMEH3JW8XTFF8TETE
KXEA4LFYNHNTLTYWT6,https://apps.apple.com/redeem?ctx=offercodes&id=6761655374&code=KXEA4LFYNHNTLTYWT6
N3L8YPTKJXWX6ETW3R,https://apps.apple.com/redeem?ctx=offercodes&id=6761655374&code=N3L8YPTKJXWX6ETW3R
YEYTH83JXJJPTXKEYM,https://apps.apple.com/redeem?ctx=offercodes&id=6761655374&code=YEYTH83JXJJPTXKEYM
HP8XLYW6WEAE8JF8MR,https://apps.apple.com/redeem?ctx=offercodes&id=6761655374&code=HP8XLYW6WEAE8JF8MR
4KEM4FATK8RFHYANTL,https://apps.apple.com/redeem?ctx=offercodes&id=6761655374&code=4KEM4FATK8RFHYANTL
TPEAF4KWM333RFA8MW,https://apps.apple.com/redeem?ctx=offercodes&id=6761655374&code=TPEAF4KWM333RFA8MW
48AAYNL76J8NRE7PTN,https://apps.apple.com/redeem?ctx=offercodes&id=6761655374&code=48AAYNL76J8NRE7PTN
NYHW78LKHX4WW8PATN,https://apps.apple.com/redeem?ctx=offercodes&id=6761655374&code=NYHW78LKHX4WW8PATN
X7PMW4MP7X46434XEY,https://apps.apple.com/redeem?ctx=offercodes&id=6761655374&code=X7PMW4MP7X46434XEY
NMHLAKKRMAEY78RYHA,https://apps.apple.com/redeem?ctx=offercodes&id=6761655374&code=NMHLAKKRMAEY78RYHA
E8X3P7K683T8WJHKAL,https://apps.apple.com/redeem?ctx=offercodes&id=6761655374&code=E8X3P7K683T8WJHKAL
KW4N7EWFM6HYM3XPHK,https://apps.apple.com/redeem?ctx=offercodes&id=6761655374&code=KW4N7EWFM6HYM3XPHK
LJKPR48WNWTAPJN8HE,https://apps.apple.com/redeem?ctx=offercodes&id=6761655374&code=LJKPR48WNWTAPJN8HE
AM7RXTRA33T4TF6EAX,https://apps.apple.com/redeem?ctx=offercodes&id=6761655374&code=AM7RXTRA33T4TF6EAX
FLH3J4JTLWEJ7Y7M43,https://apps.apple.com/redeem?ctx=offercodes&id=6761655374&code=FLH3J4JTLWEJ7Y7M43
PM7N8HKKYFF6ELAPPJ,https://apps.apple.com/redeem?ctx=offercodes&id=6761655374&code=PM7N8HKKYFF6ELAPPJ
T7MTN3KW8RHHXLJ47A,https://apps.apple.com/redeem?ctx=offercodes&id=6761655374&code=T7MTN3KW8RHHXLJ47A
RT3KAP6MM7KHKPHWTX,https://apps.apple.com/redeem?ctx=offercodes&id=6761655374&code=RT3KAP6MM7KHKPHWTX
367HLFPFMAJNMMLKYN,https://apps.apple.com/redeem?ctx=offercodes&id=6761655374&code=367HLFPFMAJNMMLKYN
ENKR3JXMA6KEKF7RM6,https://apps.apple.com/redeem?ctx=offercodes&id=6761655374&code=ENKR3JXMA6KEKF7RM6
EK8ELX7AEMH4NAMTL8,https://apps.apple.com/redeem?ctx=offercodes&id=6761655374&code=EK8ELX7AEMH4NAMTL8
7LWARNNKNF366T7ATM,https://apps.apple.com/redeem?ctx=offercodes&id=6761655374&code=7LWARNNKNF366T7ATM
XNT3W6E6FPALYYFNEF,https://apps.apple.com/redeem?ctx=offercodes&id=6761655374&code=XNT3W6E6FPALYYFNEF
L6RNW3ALH48THP4FRL,https://apps.apple.com/redeem?ctx=offercodes&id=6761655374&code=L6RNW3ALH48THP4FRL
J3RNHRHPYHR44EFP3F,https://apps.apple.com/redeem?ctx=offercodes&id=6761655374&code=J3RNHRHPYHR44EFP3F
P4HM7T8MMX6E83PY3J,https://apps.apple.com/redeem?ctx=offercodes&id=6761655374&code=P4HM7T8MMX6E83PY3J
KTW46X3M3JTLTJAWPA,https://apps.apple.com/redeem?ctx=offercodes&id=6761655374&code=KTW46X3M3JTLTJAWPA
N6W4678LJYXL66X86J,https://apps.apple.com/redeem?ctx=offercodes&id=6761655374&code=N6W4678LJYXL66X86J
8KJXJKL6YNNYTN4P4M,https://apps.apple.com/redeem?ctx=offercodes&id=6761655374&code=8KJXJKL6YNNYTN4P4M
P746MAHTLANY33KKM3,https://apps.apple.com/redeem?ctx=offercodes&id=6761655374&code=P746MAHTLANY33KKM3
4M8EWWXHH76PPTL738,https://apps.apple.com/redeem?ctx=offercodes&id=6761655374&code=4M8EWWXHH76PPTL738
384AYYWPW3MRRW7AAH,https://apps.apple.com/redeem?ctx=offercodes&id=6761655374&code=384AYYWPW3MRRW7AAH
EKPK6NNLLTW87RRTRL,https://apps.apple.com/redeem?ctx=offercodes&id=6761655374&code=EKPK6NNLLTW87RRTRL
FYM3786TEY6KE8F8WP,https://apps.apple.com/redeem?ctx=offercodes&id=6761655374&code=FYM3786TEY6KE8F8WP
RKNX63X7FF3P7L4WLH,https://apps.apple.com/redeem?ctx=offercodes&id=6761655374&code=RKNX63X7FF3P7L4WLH
4LAH8JTREJNWHY44PH,https://apps.apple.com/redeem?ctx=offercodes&id=6761655374&code=4LAH8JTREJNWHY44PH
4FMPW4N8EJ4N7P3YRW,https://apps.apple.com/redeem?ctx=offercodes&id=6761655374&code=4FMPW4N8EJ4N7P3YRW
3LP43K7H3444HNAF8T,https://apps.apple.com/redeem?ctx=offercodes&id=6761655374&code=3LP43K7H3444HNAF8T
38X4TKA7HAKN4EJHH6,https://apps.apple.com/redeem?ctx=offercodes&id=6761655374&code=38X4TKA7HAKN4EJHH6
LMJ7AM8NLFTNFJY86E,https://apps.apple.com/redeem?ctx=offercodes&id=6761655374&code=LMJ7AM8NLFTNFJY86E
JANYLWMTFEAPPYK3XK,https://apps.apple.com/redeem?ctx=offercodes&id=6761655374&code=JANYLWMTFEAPPYK3XK
RAMWN83XA6XPMP8PR3,https://apps.apple.com/redeem?ctx=offercodes&id=6761655374&code=RAMWN83XA6XPMP8PR3
P6F73XMFPXTPFJJF3J,https://apps.apple.com/redeem?ctx=offercodes&id=6761655374&code=P6F73XMFPXTPFJJF3J
3F3JXRX8E3L6W4TX8W,https://apps.apple.com/redeem?ctx=offercodes&id=6761655374&code=3F3JXRX8E3L6W4TX8W
R6YYPMW6N4KFY7YY48,https://apps.apple.com/redeem?ctx=offercodes&id=6761655374&code=R6YYPMW6N4KFY7YY48
KL4ANJLPKA7NL47MEF,https://apps.apple.com/redeem?ctx=offercodes&id=6761655374&code=KL4ANJLPKA7NL47MEF
RXYAKE7JAE4TXNETPL,https://apps.apple.com/redeem?ctx=offercodes&id=6761655374&code=RXYAKE7JAE4TXNETPL
TL3NTX3PM348TA6HK4,https://apps.apple.com/redeem?ctx=offercodes&id=6761655374&code=TL3NTX3PM348TA6HK4
RKJKN3EERPTYLENJJ7,https://apps.apple.com/redeem?ctx=offercodes&id=6761655374&code=RKJKN3EERPTYLENJJ7
6JRRMYTYX3NPNRFNYM,https://apps.apple.com/redeem?ctx=offercodes&id=6761655374&code=6JRRMYTYX3NPNRFNYM
8TF3RWJPPX4L4E4HXE,https://apps.apple.com/redeem?ctx=offercodes&id=6761655374&code=8TF3RWJPPX4L4E4HXE
433R4MT7A8FLNKWHLH,https://apps.apple.com/redeem?ctx=offercodes&id=6761655374&code=433R4MT7A8FLNKWHLH
RMFMRHNX38EYTEXPHX,https://apps.apple.com/redeem?ctx=offercodes&id=6761655374&code=RMFMRHNX38EYTEXPHX
3J78L3TW8RHFAANEJM,https://apps.apple.com/redeem?ctx=offercodes&id=6761655374&code=3J78L3TW8RHFAANEJM
3N8KTTPTANXPJHEPXR,https://apps.apple.com/redeem?ctx=offercodes&id=6761655374&code=3N8KTTPTANXPJHEPXR
TYAPNLHXK3E6YNKJAP,https://apps.apple.com/redeem?ctx=offercodes&id=6761655374&code=TYAPNLHXK3E6YNKJAP
KLRXPXNNH743JKH34E,https://apps.apple.com/redeem?ctx=offercodes&id=6761655374&code=KLRXPXNNH743JKH34E
3TXJY468FLK466ENEN,https://apps.apple.com/redeem?ctx=offercodes&id=6761655374&code=3TXJY468FLK466ENEN
7YTJFJMTFWJHR37MRT,https://apps.apple.com/redeem?ctx=offercodes&id=6761655374&code=7YTJFJMTFWJHR37MRT
8KAAAJRAJTK3X88E46,https://apps.apple.com/redeem?ctx=offercodes&id=6761655374&code=8KAAAJRAJTK3X88E46
K3YJ7LYWYHEJ8RTHHY,https://apps.apple.com/redeem?ctx=offercodes&id=6761655374&code=K3YJ7LYWYHEJ8RTHHY
RLFRTKKE7PFNKEHYTH,https://apps.apple.com/redeem?ctx=offercodes&id=6761655374&code=RLFRTKKE7PFNKEHYTH
6L8PPHWW3K7TA7TMRA,https://apps.apple.com/redeem?ctx=offercodes&id=6761655374&code=6L8PPHWW3K7TA7TMRA
6PKFNX478JRR3MK4E8,https://apps.apple.com/redeem?ctx=offercodes&id=6761655374&code=6PKFNX478JRR3MK4E8
K8F4WRXF4A8K337348,https://apps.apple.com/redeem?ctx=offercodes&id=6761655374&code=K8F4WRXF4A8K337348
WFE8XJ3NFMPA4AXPLW,https://apps.apple.com/redeem?ctx=offercodes&id=6761655374&code=WFE8XJ3NFMPA4AXPLW
EKHEK6YYMMK6X387EF,https://apps.apple.com/redeem?ctx=offercodes&id=6761655374&code=EKHEK6YYMMK6X387EF
X378LMEFNHTPJY6TJR,https://apps.apple.com/redeem?ctx=offercodes&id=6761655374&code=X378LMEFNHTPJY6TJR
P83EWFT7XMKXMLTEYW,https://apps.apple.com/redeem?ctx=offercodes&id=6761655374&code=P83EWFT7XMKXMLTEYW
TAWAAPTRLW44846WR8,https://apps.apple.com/redeem?ctx=offercodes&id=6761655374&code=TAWAAPTRLW44846WR8
8A7A6AF88JPNLPYNR7,https://apps.apple.com/redeem?ctx=offercodes&id=6761655374&code=8A7A6AF88JPNLPYNR7
6PJ8XYWH7JMPP4PNRW,https://apps.apple.com/redeem?ctx=offercodes&id=6761655374&code=6PJ8XYWH7JMPP4PNRW
EHTE6LLEP43PRJPR3R,https://apps.apple.com/redeem?ctx=offercodes&id=6761655374&code=EHTE6LLEP43PRJPR3R
4WN3RW8XMT3FK6EFPA,https://apps.apple.com/redeem?ctx=offercodes&id=6761655374&code=4WN3RW8XMT3FK6EFPA
887JWWT3KNLMN778MF,https://apps.apple.com/redeem?ctx=offercodes&id=6761655374&code=887JWWT3KNLMN778MF
AJYNHWPX6XYY3WEJ43,https://apps.apple.com/redeem?ctx=offercodes&id=6761655374&code=AJYNHWPX6XYY3WEJ43
T7448JWJXRHR8MNL7N,https://apps.apple.com/redeem?ctx=offercodes&id=6761655374&code=T7448JWJXRHR8MNL7N
8XT44FL8H3NPL7MEWL,https://apps.apple.com/redeem?ctx=offercodes&id=6761655374&code=8XT44FL8H3NPL7MEWL
4X3N84AYJHLFJXXL3R,https://apps.apple.com/redeem?ctx=offercodes&id=6761655374&code=4X3N84AYJHLFJXXL3R
RXY8WRJKT6JPNE6F7X,https://apps.apple.com/redeem?ctx=offercodes&id=6761655374&code=RXY8WRJKT6JPNE6F7X
X6XRYPAXTFKP8ATRTY,https://apps.apple.com/redeem?ctx=offercodes&id=6761655374&code=X6XRYPAXTFKP8ATRTY
WW6NY4HAPRPK7L6PFT,https://apps.apple.com/redeem?ctx=offercodes&id=6761655374&code=WW6NY4HAPRPK7L6PFT
367WTE78JHKWLY4EP8,https://apps.apple.com/redeem?ctx=offercodes&id=6761655374&code=367WTE78JHKWLY4EP8
MWF7883ATLN34K8HKH,https://apps.apple.com/redeem?ctx=offercodes&id=6761655374&code=MWF7883ATLN34K8HKH
